<?xml version="1.0" encoding="UTF-8"?>
<project-private xmlns="http://www.netbeans.org/ns/project-private/1">
    <editor-bookmarks xmlns="http://www.netbeans.org/ns/editor-bookmarks/2" lastBookmarkId="0"/>
    <open-files xmlns="http://www.netbeans.org/ns/projectui-open-files/2">
        <group>
            <file>file:/C:/Users/Marcus/Downloads/comp2/T1/src/t1/Lua.g4</file>
            <file>file:/C:/Users/Marcus/Downloads/comp2/T1/src/t1/EntradaTabelaDeSimbolos.java</file>
            <file>file:/C:/Users/Marcus/Downloads/comp2/T1/src/t1/TestaAnalisadorSintatico.java</file>
            <file>file:/C:/Users/Marcus/Downloads/comp2/T1/src/t1/T1ErrorListener.java</file>
            <file>file:/C:/Users/Marcus/Downloads/comp2/T1/src/t1/T1ErrorListenerLexer.java</file>
        </group>
    </open-files>
</project-private>
